{"cameraMode":{"drawMode":0,"name":"Shaded","section":"Shading Mode"},"sceneLighting":true,"audioPlay":false,"sceneViewState":{"m_AlwaysRefresh":false,"showFog":true,"showSkybox":true,"showFlares":true,"showImageEffects":true,"showParticleSystems":true,"showVisualEffectGraphs":true,"m_FxEnabled":true},"in2DMode":false,"pivot":{"x":-2.1661558151245119,"y":1.7464663982391358,"z":2.094566822052002},"rotation":{"x":0.029497969895601274,"y":-0.9730497002601624,"z":0.11689604073762894,"w":0.2068077027797699},"size":0.9655267000198364,"orthographic":false}