{"cameraMode":{"drawMode":0,"name":"Shaded","section":"Shading Mode"},"sceneLighting":true,"audioPlay":false,"sceneViewState":{"m_AlwaysRefresh":false,"showFog":true,"showSkybox":true,"showFlares":true,"showImageEffects":false,"showParticleSystems":true,"showVisualEffectGraphs":true,"m_FxEnabled":true},"in2DMode":false,"pivot":{"x":-0.031558990478515628,"y":5.951467514038086,"z":1.0282046794891358},"rotation":{"x":0.27099746465682986,"y":0.6253940463066101,"z":-0.24572573602199555,"w":0.6899324655532837},"size":5.293240070343018,"orthographic":false}