{"cameraMode":{"drawMode":0,"name":"Shaded","section":"Shading Mode"},"sceneLighting":true,"audioPlay":false,"sceneViewState":{"m_AlwaysRefresh":false,"showFog":true,"showSkybox":true,"showFlares":true,"showImageEffects":false,"showParticleSystems":true,"showVisualEffectGraphs":true,"m_FxEnabled":true},"in2DMode":false,"pivot":{"x":-2.7216124534606935,"y":6.566629409790039,"z":0.0577855110168457},"rotation":{"x":0.12708765268325807,"y":0.2815920412540436,"z":-0.03747013583779335,"w":0.9508460164070129},"size":3.3400683403015138,"orthographic":false}