{"cameraMode":{"drawMode":0,"name":"Shaded","section":"Shading Mode"},"sceneLighting":true,"audioPlay":false,"sceneViewState":{"m_AlwaysRefresh":false,"showFog":true,"showSkybox":true,"showFlares":true,"showImageEffects":true,"showParticleSystems":true,"showVisualEffectGraphs":true,"m_FxEnabled":true},"in2DMode":false,"pivot":{"x":-2.6100645065307619,"y":2.005913496017456,"z":0.27046942710876467},"rotation":{"x":0.06181542947888374,"y":0.9323210120201111,"z":-0.2945789396762848,"w":0.21089591085910798},"size":0.4006231129169464,"orthographic":false}