{"cameraMode":{"drawMode":0,"name":"Shaded","section":"Shading Mode"},"sceneLighting":true,"audioPlay":false,"sceneViewState":{"m_AlwaysRefresh":false,"showFog":true,"showSkybox":true,"showFlares":true,"showImageEffects":true,"showParticleSystems":true,"showVisualEffectGraphs":true,"m_FxEnabled":true},"in2DMode":false,"pivot":{"x":-0.8008263111114502,"y":-0.6468229293823242,"z":-0.7906341552734375},"rotation":{"x":0.013033599592745304,"y":0.9252602458000183,"z":-0.3817324638366699,"w":0.010533513501286507},"size":3.547161340713501,"orthographic":false}