{"cameraMode":{"drawMode":0,"name":"Shaded","section":"Shading Mode"},"sceneLighting":true,"audioPlay":false,"sceneViewState":{"m_AlwaysRefresh":false,"showFog":true,"showSkybox":true,"showFlares":true,"showImageEffects":true,"showParticleSystems":true,"showVisualEffectGraphs":true,"m_FxEnabled":true},"in2DMode":false,"pivot":{"x":0.16484150290489198,"y":0.6006231307983398,"z":-8.013068199157715},"rotation":{"x":0.00042240714537911117,"y":-0.9903320074081421,"z":0.13988447189331056,"w":0.001134910387918353},"size":8.149361610412598,"orthographic":false}