{"cameraMode":{"drawMode":0,"name":"Shaded","section":"Shading Mode"},"sceneLighting":true,"audioPlay":false,"sceneViewState":{"m_AlwaysRefresh":false,"showFog":true,"showSkybox":true,"showFlares":true,"showImageEffects":true,"showParticleSystems":true,"showVisualEffectGraphs":true,"m_FxEnabled":true},"in2DMode":false,"pivot":{"x":7.683776378631592,"y":-3.3068723678588869,"z":8.720300674438477},"rotation":{"x":0.22910645604133607,"y":0.07317744940519333,"z":-0.017288610339164735,"w":0.9705129265785217},"size":16.890302658081056,"orthographic":false}