{"cameraMode":{"drawMode":0,"name":"Shaded","section":"Shading Mode"},"sceneLighting":true,"audioPlay":false,"sceneViewState":{"m_AlwaysRefresh":false,"showFog":true,"showSkybox":true,"showFlares":true,"showImageEffects":true,"showParticleSystems":true,"showVisualEffectGraphs":true,"m_FxEnabled":true},"in2DMode":false,"pivot":{"x":1.157576084136963,"y":1.8434793949127198,"z":-0.7212799191474915},"rotation":{"x":-0.08851132541894913,"y":-0.7051718235015869,"z":0.08181875199079514,"w":-0.7012449502944946},"size":2.0654728412628176,"orthographic":false}